Brand,Title,Price_special,Price_regular
GRIPPOSTAD,"GRIPPOSTAD C, 200 mg + 150 mg + 25 mg + 2,5 mg, Kietosios kapsulės, N24",501.0,501
ŠVF,"ŠVF žolelių arbata su imbieru COLDHERBA, 2 g x 20 vnt., 20 vnt.",319.0,319
ŠVF,"ŠVF COLDHERBA FORTE, 2 g x 20, 20 vnt.",289.0,289
ŠVF,"ŠVF arbata su vitaminu C COLHERBA, 2 g x 20 vnt.",279.0,279
GRINOVITA,"GRINOVITA FORTE vitaminas C, 850 MG, 10 pakelių",999.0,999
RHINO-STAS,"RHINO-STAS, 1mg/ml, 10 ml, nosies purškalas (tirpalas), N1",434.0,434
EUROCARE,"EUROCARE aromatiniai pleistrai, 6 vnt.",143.0,179
EVOLU,"EVOLU inhaliatorius NANO AIR MINI, 1 vnt.",6639.0,8299
VOCAL,"VOCAL su hialuronu, mėtų skonio, 24 Pastilės",589.0,589
GRIPEX,"Gripex, plėvele dengtos tabletės, N12",499.0,499
ŠVF,"ŠVF arbata nakčiai COLDHERBA, 2 g x 20 vnt.",299.0,299
TEMPIER,"TEMPIER 500 mg/30 mg/15 mg milteliai geriamajam tirpalui, milteliai geriamajam tirpalui, N6",488.0,488
ACC,"ACC, 20 mg/ml, 100 ml, Geriamasis tirpalas, N1",525.0,525
ACC,"ACC, 3 g, 200 mg, milteliai geriamajam tirpalui, N20",509.0,509
SALVIASEPT,"SALVIASEPT SPRAY, GERKLĖS PURŠKALAS, 20 ml",749.0,749
DR. BENEDICTUS,"DR. BENEDICTUS žolelių arbata RAMUNĖLIŲ ŽIEDAI, 25 vnt., 1 g",319.0,319
DR. BENEDICTUS,"DR. BENEDICTUS žolelių arbata MEDETKŲ ŽIEDAI, 50 g",319.0,319
DR. BENEDICTUS,"DR. BENEDICTUS žolelių arbata RAMUNĖLIŲ ŽIEDAI, 50 g",319.0,319
DR. BENEDICTUS,"DR. BENEDICTUS žolelių arbata MEŠKAUOGIŲ LAPAI, 50 g",289.0,289
DR. BENEDICTUS,"DR. BENEDICTUS žolelių arbata MEDETKŲ ŽIEDAI, 25 vnt., 1 g",299.0,299
DR. BENEDICTUS,"DR. BENEDICTUS žolelių arbata PANKOLIŲ VAISIAI, 25 vnt., 1 g",249.0,249
DR. BENEDICTUS,"DR. BENEDICTUS žolelių arbata PANKOLIŲ VAISIAI, 50 g",239.0,239
KITA,"FARINGOSPRAY MINT purškalas, 20 ml",569.0,569
ACC,"ACC, 200mg, Šnypščiosios tabletės, N20",532.0,532
ACONITUM,"VITAMIN C PROLONG 1000, miško uogų skonio, 14 paketėlių",979.0,1399
PIC,"PIC tinklinis inhaliatorius, dedamas ant veido AIR EASY ON, begarsis, 1 vnt.",6749.0,8999
OTRIVIN,"Otrivin, 1mg/ml, 10 ml, nosies purškalas (tirpalas), N1",339.0,339
GRIPEX,"GRIPEX THERMAL, 650mg+50mg+10mg, milteliai geriamajam tirpalui, N8",299.0,299
HUMER,"HUMER tabletės nosiai ir gerklei DAY / NIGHT, 15 tablečių",599.0,999
ŠVF,"ŠVF PERŠALIMO SEZONUI VAIKAMS, aviečių skonio, 10 pakelių",899.0,899
DR. BENEDICTUS,"DR. BENEDICTUS žolelių arbata KIDS COLD SEASON, 25 pakeliai",339.0,339
SINUNORM,"SINUNORM DUO, 15 kapsulių",,639
KITA,"FARINGOSPRAY purškalas, 20 ml",589.0,589
ŠVF,"ŠVF peršalimo sezonui DIENA/NAKTIS, 8 vnt., 20 ml",999.0,999
APOTHEKE,"APOTHEKE BIO žolelių arbata vaikams ŠALTUKAS, nuo 9 mėn., LT-EKO-001, 20 vnt., 1.5 g",289.0,289
TICHOLIQUIN,"TACHOLIQUIN 1% tirpalas inhaliacijoms, nuo 3 m., 10 vnt., 5 ml",1503.0,1879
RHINOLAYA,"RHINOLAYA INEBIOS Himalajų druskos nosies purškalas, 100 ml",959.0,1199
DR. THEISS,"DR. THEISS eukalipto ledinukai su mentoliu, 75 g",367.0,489
DR. THEISS,"DR. THEISS liepžiedžių ir citrinų skonio ledinukai su vitaminu C, 75 g",367.0,489
MOLEKIN,"MOLEKIN IMUNO KIDS, 4–6 m., 20 šnypščiųjų tablečių",,949
EVOLU,"EVOLU inhaliatorius NANO AIR PRO, 1 vnt.",8799.0,10999
DR. THEISS,"DR. THEISS šveicariškų žolių skonio ledinukai su vitaminu C ir medumi, 75 g",367.0,489
VISCOFLU,"VISCOFLU nosies purškalas, 30 ml",1183.0,1479
GOLAMIR,"GOLAMIR 2ACT, 20 burnoje tirpstančių tablečių",959.0,1199
GOLAMIR,"GOLAMIR purškalas 2ACT, miško uogų ir gervuogių skonio, 30 ml",1039.0,1299
ŠVF,"ŠVF NĖŠČIOMS IR MAITINANČIOMS MAMOMS PERŠALIMO SEZONUI,  aviečių skonio, 14 pakelių",899.0,899
ACEROLA,"ACEROLA PLUS 100 VITAMINAS C, 120 kramtomųjų tablečių",1499.0,1499
IMUNITAL,"IMUNITAL HOT DRINK, 5 pakeliai",212.0,529
GAMTOS NAMAI,"GAMTOS NAMAI guminukai CUMINUKAI, 50 guminukų",,1879
IMUNITAL,"IMUNITAL HOT DRINK,  juodųjų serbentų skonio, 5 pakeliai",212.0,529
DR. THEISS,"DR. THEISS šalavijų ir medaus ledinukai su vitaminu C, 75 g",367.0,489
EVOLU,"EVOLU kompresorinis inhaliatorius SUPER CAR, 1 vnt.",6799.0,8499
OTRIVIN,"OTRIVIN nosies purškalas su eukaliptu NATURAL PLUS, nuo 6 m., 20 ml",375.0,469
ŠVF,"ŠVF žolelių arbata ERŠKĖČIŲ VAISIAI, 100 g",488.0,488
HUSTAGIL,"HUSTAGIL balzamas, 30 ml",926.0,926
HUMER,"HUMER terminio ir jūros vandens nosies purškalas, 50 ml",764.0,899
CITROSEPT,"CITROSEPT ORGANIC (Lietuva LV - BIO - 01), 50 ml",1759.0,1759
FORMULA VITALE,"FORMULA VITALE VITAMINAS C PROLONG 1000 MG, 60 dengtų tablečių",1499.0,1499
RHINOLAYA,"RHINOLAYA FORT INEBIOS Himalajų druskos nosies purškalas, 50 ml",799.0,999
OILEDIXIN,"OILEDIXIN vitaminas C, 30 ml",,259
SILVADEP,"GOIMMUNE STRONG, 20 kapsulių",1129.0,1129
RINOQUICK,"RINOQUICK aromatizuotas pleistras, nuo 2,5 m., 5 vnt.",375.0,469
MOLEKIN,"MOLEKIN IMUNO JUNIOR,  7–12 m., 20 šnypščiųjų tablečių",,949
GALANAS,"GALANAS 1 mg/50 mg/ml, nosies purškalas, tirpalas, N1",526.0,526
VISCOFLU,"VISCOFLU tirpalas inhaliavimui ir lašinimui, nuo 2 m., 10 vnt., 5 ml",1919.0,2399
GALAZOLIN,"GALAZOLIN, 10 ml, nosies lašai, tirpalas, N1",247.0,247
ŠVF,"ŠVF žolelių arbata vaikams COLDHERBA, 1,5 g x 20 vnt.",299.0,299
PROPODEZAS,"PROPODEZAS su imbieru, 50 tablečių",,387
PROPODEZAS,"PROPODEZAS su avietėmis, 50 tablečių",,375
IMUNOSIL VIRUFIX,"IMUNOSIL VIRUFIX, 90 kapsulių",2499.0,2499
PROPODEZAS,"PROPODEZAS su vaistažolėmis, 50 čiulpiamų tablečių",,375
DIAGNOSIS,"DIAGNOSIS DR CHECK bekontaktis infraraudonųjų spindulių termometras FC500, 1 vnt.+Dėklas, naudojimo instrukcija, 2 AAA baterijos.",4959.0,6199
ŠVF,"ŠVF žolelių arbata AVIEČIŲ LAPAI, 50 g",269.0,269
BERTIL'S,"BERTIL´S  CINKAS 10 MG, pipirmėčių skonio, 120 čiulpiamų tablečių",1599.0,1599
ŠVF,"ŠVF žolelių arbata BRONCHOHERBA FORTE, 20 vnt., 1.5 g",219.0,219
ACONITUM,"VITAMIN C PROLONG, 40 kapsulių",591.0,909
DIAGNOSIS,"DIAGNOSIS lankstus skaitmeninis termometras DIAGNOSTIC T-02, 1 vnt.+dėklas",584.0,730
DIAGNOSIS,"DIAGNOSIS skaitmeninis termometras DIAGNOSTIC T-01, 1 vnt.+dėklas",485.0,606
PERTUSINAS,"PERTUSINAS forte, 100 ml, Sirupas, N1",351.0,351
PERTUSINAS,"PERTUSINAS, 100 ml, Sirupas, N1",296.0,296
EUROCARE,"EUROCARE pipirinis pleistras, 10 cm x 18 cm, 1 vnt.",79.0,79
AFLUBIN,"AFLUBIN, 50 ml, geriamieji lašai, tirpalas, N1",1020.0,1020
HEDELIX,"Hedelix s.a., 50 ml su lašintuvu, geriamieji lašai, tirpalas, N1",508.0,508
ISLA,"ISLA MEDIC ACUTE, citrusų-medaus skonio, nuo 6 m., 20 pastilių",655.0,819
AFLUBIN,"AFLUBIN, 20 ml, geriamieji lašai, tirpalas, N1",567.0,567
OLKO,"OLKO pipirinis pleistras, 10 cm x 16 cm, 1 vnt.",47.0,59
PERTUSINAS,"PERTUSINAS sirupas, vaikams , 1 ml/5 ml, Sirupas, N1",405.0,405
FERVEX,"FERVEX, granulės geriamajam tirpalui, N8",735.0,735
COLDREX,"COLDREX HOTREM LEMON, milteliai geriamajam tirpalui, N10",678.0,678
COLDREX,"COLDREX MAXGRIP LEMON, 1000mg+10mg+40mg, milteliai geriamajam tirpalui, N10",699.0,699
COLDREX,"COLDREX MAXGRIP LEMON 1000mg/10mg/40mg, milteliai geriamajam tirpalui, N5",420.0,420
COLDREX,"COLDREX HotRem LEMON 750mg+10mg+60mg, milteliai geriamajam tirpalui, N5",444.0,444
WINTROZEN,"WINTROZEN, 600mg, Šnypščiosios tabletės, N10",584.0,584
GRIPEX,"GRIPEX, 500mg/30mg/15mg, plėvele dengtos tabletės, N10",500.0,500
GRIPEX,"GRIPEX, 500mg/30mg/15mg, plėvele dengtos tabletės, N20",750.0,750
COLDREX,"COLDREX HotRem HONEY & LEMON 750mg+10mg+60mg, milteliai geriamajam tirpalui, N10",787.0,787
ALIFLUSIN,"ALIFLUSIN, 500mg+200 mg+4mg, šnypščiosios granulės, N20",959.0,959
ALIFLUSIN,"ALIFLUSIN, 500mg+200 mg+4mg, šnypščiosios granulės, N10",569.0,569
GRIPEX,"Gripex, plėvele dengtos tabletės, N24",779.0,779
PROSPAN,"Prospan, 65mg, Šnypščiosios tabletės, N10",705.0,705
FERVEX,"FERVEX vaikams, granulės geriamajam tirpalui, N8",735.0,735
TARAFEN,"TARAFEN, plėvele dengtos tabletės, N20",719.0,719
COLDREX,"COLDREX, Tabletės, N24",741.0,741
COLDREX,"COLDREX, Tabletės, N12",484.0,484
DALERON,"Daleron COLD3, plėvele dengtos tabletės, N24",591.0,591
DALERON,"Daleron COLD3, plėvele dengtos tabletės, N12",470.0,470
BRONTEX,"Brontex 60 mg šnypščiosios tabletės, Šnypščiosios tabletės, N10",418.0,418
GRIPEX,"GRIPEX THERMAL, 1000mg+100mg+12,2mg, milteliai geriamajam tirpalui, N8",720.0,720
ALIFLUSIN,"ALIFLUSIN 500 mg/200 mg/4 mg, Šnypščiosios tabletės, N20",972.0,972
ALIFLUSIN,"ALIFLUSIN 500 mg/200 mg/4 mg, Šnypščiosios tabletės, N10",568.0,568
PROSPAN,"Prospan 35 mg/5 ml geriamasis tirpalas, Geriamasis tirpalas, N21",966.0,966
PARACETAMOL ZENTIVA,"PARACETAMOL ZENTIVA, 500mg, 20 tablečių, Tabletės, N20",172.0,172
DEFENDYL,"DEFENDYL imunitetui IMUNOGLUKAN P4H JUNIOR, 120 ml+pakuotėje yra ir dozavimo taurelė",1999.0,1999
SALVIASEPT,"SALVIASEPT KIDS ledinukai, 6 vnt.",499.0,499
SALVIASEPT,"SALVIASEPT KIDS ledinukai nuo kosulio, nuo 3 m., 6 vnt.",485.0,485
LORIHERB,"LORIHERB, 36 Pastilės",739.0,739
KITA,"LARINGOSPRAY purškalas, 20 ml",579.0,579
SALVIASEPT,"SALVIASEPT gerklės purškalas KIDS, 20 ml",739.0,739
MEDICATA,"MEDICATA SALVEPROLIS, 25 ml",,649
SALVIASEPT,"SALVIASEPT ACUT, 12 čiulpiamųjų tablečių",599.0,599
SALVIASEPT,"SALVIASEPT ACUT, 12 čiulpiamų tablečių",599.0,599
SINUPRET,"SINUPRET INTENS, 160mg, dengtos tabletės, N20",1241.0,1241
KITA,"GELOREVOICE gerklės pastilės, vyšnių ir mentolio skonio, 20 pastilių",639.0,799
IVEX,"IVEX sirupas nuo kosulio, nuo 1 m., 100 ml",510.0,638
SINUPRET,"SINUPRET, 100 ml, geriamieji lašai, tirpalas, N1",1001.0,1001
MIRAMILE,"MIRAMILE kids burnos ir gerklės sirupas vaikams, nuo 1 m., 100 ml",439.0,549
DECATYLEN,"DECATYLEN burnos ir gerklės purškalas NATURAL SPRAY, 20 ml",439.0,549
EUROCARE,"EUROCARE šildantis pleistras, 1 vnt.",167.0,279
SINUPRET,"SINUPRET FORTE, dengtos tabletės, N20",963.0,963
UMCKALOR,"UMCKALOR, geriamieji lašai, tirpalas, N1",951.0,951
SOLPADEINE,"SOLPADEINE EXPRESS 500 mg/65 mg, Šnypščiosios tabletės, N16",464.0,464
DECATYLEN,"DECATYLEN, 0,25mg+0,03mg, kietosios pastilės, N40",965.0,965
TONSILGON,"Tonsilgon N, 50 ml, geriamieji lašai, tirpalas, N1",828.0,828
KITA,"Paracetamolis SANITAS, 500mg, Tabletės, N20",295.0,295
STREPSILS,"STREPSILS INTENSIVE 8,75mg, kietosios pastilės, N24",1036.0,1036
LYMPHOMYOSOT,"Lymphomyosot, 30 ml ir aplikatorius su lašintuvu, geriamieji lašai, tirpalas, N1",783.0,783
SEPTABENE,"SEPTABENE citrinų ir medaus skonio, 3 mg/1 mg, kietosios pastilės, N16",399.0,399
HERBITASSIN,"HERBITASSIN islandinės kerpenos HYDRO, 12 pastilių",,479
ICELANDER,"ICELANDER gerklės purškalas, 20 ml",609.0,609
SEPTABENE,"Septabene 3 mg/1 mg, kietosios pastilės, N16",645.0,645
ICELANDER,"ICELANDER gerklės pastilės, nuo 3 m., 16 pastilių",499.0,499
ACIC,"ACIC, 2 g, Kremas, N1",509.0,509
INOVOX,"INOVOX MENTHOL, 2 mg / 0,6 mg / 1,2 mg, kietosios pastilės, N24",626.0,626
INOVOX,"INOVOX HONEY LEMON, 2mg/0,6mg/1,2mg, kietosios pastilės, N24",399.0,399
STREPSILS,"Strepsils Intensive, 8,75mg, kietosios pastilės, N16",746.0,746
DR. BENEDICTUS,"DR. BENEDICTUS žolelių arbata COLD SEASON, 25 g",279.0,279
HERBISLAND,"Herbisland sirupas, 150 ml",535.0,669
DECATYLEN,"DECATYLEN, 0,25mg+0,03mg, kietosios pastilės, N20",161.0,161
LORI,"LORIHERB gerklės purškalas, 20 ml",559.0,699
IBUGARD,"IBUGARD 200mg/5ml, geriamoji suspensija, N1",688.0,688
INOVOX,"INOVOX ORANGE, 2 mg / 0,6 mg / 1,2 mg, kietosios pastilės, N24",629.0,629
BRONTEX,"Brontex, 15mg/5ml, 100 ml ir matavimo taurelė, Sirupas, N1",416.0,416
APAP,"Apap (vaikams), 250mg, Granulės, N10",499.0,499
TONSILGON,"Tonsilgon N, dengtos tabletės, N50",828.0,828
JUNIOR-ANGIN,"JUNIOR-ANGIN vaikiškos pastilės, braškių skonio, nuo 4 m., 24 Pastilės",519.0,649
JOX,"Jox, 85mg+1mg/ml, 30 ml, burnos gleivinės, gerklų ir ryklės purškalas, N1",738.0,738
SEPTANAZAL,"Septanazal 1 mg/50 mg/ml, suaugusiesiems, nosies purškalas (tirpalas), N1",446.0,446
AFLUBIN,"AFLUBIN PLUS sirupas nuo kosulio, nuo 3 m., 175 ml",863.0,1079
IVEX,"Ivex, sirupas nuo kosulio 200 ml, 200 ml",959.0,1199
PROSPAN,"Prospan, 100 ml ir dozavimo taurelė, Sirupas, N1",752.0,752
ISLA,"ISLA JUNIOR, braškių skonio, 20 pastilių",567.0,709
STREPSILS,"Strepsils Honey & Lemon 1,2 mg/0,6 mg, kietosios pastilės, N24",849.0,849
FURASOL,"FURASOL, 100mg+900mg, 1 g, gargalas, milteliai tirpalui, N5",687.0,687
BRONCHIPRET,"Bronchipret TI, 150mg+15mg/g, 100 ml ir dozavimo taurelė, Geriamasis tirpalas, N1",698.0,698
SIROMED,"AMBROXOL SIROMED, 30mg, Tabletės, N20",334.0,334
TONSILOTREN,"TONSILOTREN, Tabletės, N40",764.0,764
HERBION,"Herbion, 7mg/ml, 150 ml, Sirupas, N1",448.0,448
UMCKALOR,"UMCKALOR, plėvele dengtos tabletės, N15",951.0,951
SIROMED,"ACICLOVIR SIROMED, 2 g, Kremas, N1",339.0,339
STREPSILS,"Strepsils Menthol & Eucalyptus 1,2 mg/0,6 mg/8 mg, kietosios pastilės, N24",768.0,768
ISLA,"ISLA islandinių kerpenų ekstrakto pastilės su pipirmėčių aliejumi MINT, 30 pastilių",559.0,699
IBUPROM,"IBUPROM, 200mg, dengtos tabletės, N10",260.0,260
STODAL,"STODAL, 200 ml, Sirupas, N1",670.0,670
BRONCHOMOSS,"BRONCHOMOSS sirupas, 100 ml",511.0,639
LIUGOL,"LIUGOL KIDS burnos ertmės ir gerklės purškalas, nuo 2 m., 50 ml",265.0,379
MIRAMILE,"MIRAMILE augalinės pastilės su cinku ir beta gliukanais STRONG, 12 pastilių",,479
DR. BENEDICTUS,"DR. BENEDICTUS žolelių arbata BRONCHI, 25 vnt.",259.0,259
FLUDITEC,"Fluditec, 20mg/ml, 125 ml ir taurelė, Sirupas, N1",443.0,443
OTOSAN,"OTOSAN gerklės gelis FORTE, citrinų skonio, nuo 1 m., 14 vnt., 10 g",759.0,949
EUPHORBIUM,"EUPHORBIUM COMPOSITUM S, 20 ml, nosies purškalas (tirpalas), N1",714.0,714
FLAVAMED,"Flavamed, 30mg/5ml, 100 ml ir matavimo šaukšas, Geriamasis tirpalas, N1",459.0,459
EFFERALGAN,"EFFERALGAN, 80 mg, Žvakutės, N10",369.0,369
MEDISTUS,"MEDISTUS ANTIVIRUS pastilės, nuo 6 m., 10 pastilių",654.0,769
DR. THEISS,"Dr. Theiss Husticum, 50 mg/g, 100 ml, Sirupas, N1",427.0,427
IBUGARD,"IBUGARD, 200mg, Minkštosios kapsulės, N10",214.0,214
IBUGARD,"IBUGARD, 125 mg, Žvakutės, N10",396.0,396
STOPTUSSIN,"STOPTUSSIN, 4mg/100mg, Tabletės, N20",369.0,369
FLAVAMED,"FLAVAMED, 15 mg/5 ml, Geriamasis tirpalas, N1",435.0,435
OTOSAN,"OTOSAN sirupas nuo kosulio FORTUSS, 180 g, nuo 1 m., 1 vnt.",784.0,980
ALSIROYAL,"ALSIROYAL CISTUS PLUS INFECT BLOCKER, nuo 6 m., vaisių skonio, 30 pastilių",,1299
HERBION,"Herbion, kietosios pastilės, N16",472.0,472
OTRIVIN,"Otrinazil 1 mg/50 mg/ml nosies purškalas (tirpalas), nosies purškalas (tirpalas), N1",529.0,529
SINZYL,"SINZYL, 0,05%, nosies purškalas (tirpalas), N1",469.0,469
SINZYL,"SINZYL, 0,1%, nosies purškalas (tirpalas), N1",519.0,519
COLDISEPT,"COLDISEPT gerklės purškalas NANOSILVER, 20 ml",639.0,799
ŠVF,"ŠVF BRONCHOHERBA NAKČIAI žolelių arbata, 20 vnt., 1.5 g",279.0,279
STREPSILS,"STREPSILS Vitamin C, 1,2mg/0,6mg/100mg, kietosios pastilės, N24",768.0,768
EFFERALGAN,"EFFERALGAN  geriamasis tirpalas vaikams, 90 ml, Geriamasis tirpalas, N1",500.0,500
ŠVF,"ŠVF žolelių arbata BRONCHUS su pušų pumpurais, 50 g",319.0,319
HOMEOVOX,"HOMEOVOX, dengtos tabletės, N60",599.0,599
IBUMAX,"IBUMAX, 400mg, plėvele dengtos tabletės, N20",350.0,350
DELUFEN,"DELUFEN, 20 ml, nosies purškalas (tirpalas), N1",719.0,719
IBUGARD,"IBUGARD, 60 mg, Žvakutės, N10",396.0,396
GRINTUSS,"GRINTUSS sirupas ADULT, 180 ml",1439.0,1799
OTOSAN,"OTOSAN gerklės purškalas FORTE, apelsinų skonio, 30 ml",687.0,859
GRINTUSS,"GRINTUSS sirupas PEDIATRIC, 180 ml",1439.0,1799
GRIPEX,"GRIPEX THERMAL, 1000mg/100mg/12,2mg, milteliai geriamajam tirpalui, N12",867.0,867
EFFERALGAN,"EFFERALGAN, 150mg, Žvakutės, N10",409.0,409
SIROMED,"AMBROXOL SIROMED, 3mg/ml, Sirupas, N1",408.0,408
ŠVF,"ŠVF šeivamedžių žiedai, 50 g",409.0,409
VOCAL,"VOCAL, medaus ir citrinų skonio, 24 Pastilės",619.0,619
RESPIFORTIN,"RESPIFORTIN, 600 mg, Šnypščiosios tabletės, N10",554.0,554
OLEFAR DUO,"OLEFAR DUO OIL SPRAY, 20 ml",478.0,598
FLUDITEC,"Fluditec, 50mg/ml, 125 ml ir taurelė, Sirupas, N1",466.0,466
ŠVF,"ŠVF žolelių arbata GYSLOČIŲ LAPAI, 50 g",249.0,249
OLKO,"OLKO garstyčių paketai, 10 vnt.",79.0,99
GRINTUSS,"GRINTUSS ADULT, 20 burnoje tirpstančių tablečių",1599.0,1999
STREPSILS,"STREPHERBAL su propoliu ir vitaminu C, medaus ir citrinos skonio, 24 kietosios pastilės",749.0,749
PROSPAN,"Prospan 26 mg, kietosios pastilės, N20",711.0,711
ŠVF,"ŠVF žolelių arbata DEBESYLŲ ŠAKNYS, 50 g",259.0,259
PHOSPHOR HOMACCORD,"Phosphor-Homaccord, 30 ml ir aplikatorius su lašintuvu, geriamieji lašai, tirpalas, N1",783.0,783
STREPSILS,"STREPHERBAL pastilės su saldikliu, vitaminu C ir cinku, 24 Pastilės",749.0,749
FARINGO,"FARINGOSPRAY purškalas, apelsinų skonio, 20 ml",589.0,589
HADORTA,"HADORTA, 5,556mg/ml, sirupas, 100ml, Sirupas, N1",639.0,639
THERAFLU,"Theraflu ND 1000 mg/60 mg/30 mg, milteliai geriamajam tirpalui, N10",767.0,767
THERAFLU,"Theraflu ND, milteliai geriamajam tirpalui, N6",399.0,399
THERAFLU,"Theraflu NT 1000mg+60mg+30mg+4mg, milteliai geriamajam tirpalui, N10",767.0,767
THERAFLU,"Theraflu 500 mg/6,1 mg/100 mg kietosios kapsulės, Kietosios kapsulės, N16",572.0,572
DEFENDYL,"DEFENDYL imunitetui IMUNOGLUKAN P4H, 30 kapsulių",1899.0,1899
THERAFLU,"Theraflu NT, milteliai geriamajam tirpalui, N6",399.0,399
BERTIL'S,"BERTIL´S  CINKAS 15 MG, 100 tablečių",1499.0,1499
AGOVIRAX,"AGOVIRAX nosies purškalas, nuo 1 m., 20 ml",1649.0,1649
DIAGNOSIS,"DIAGNOSIS kompresorinis inhaliatorius DIAGNOSTIC NANO, 1 vnt.",5512.0,6890
ŠVF,"ŠVF žolelių arbata BRONCHOHERBA vaikams, 1,5g x 20 vnt.",279.0,279
MARSIEČIAI,"MARSIEČIAI ledinukas RASPBERRY LOLLIPOPS, aviečių skonio, nuo 3 m., 1 vnt.",99.0,99
AFLUBIN,"AFLUBIN, Tabletės, N48",788.0,788
HERBITASSIN,"HERBITASSIN gerklės pastilės su islandinėmis kerpenomis ir medumi, 12 pastilių",,359
ACC,"ACC Long, 600mg, Šnypščiosios tabletės, N10",725.0,725
ACC,"ACC Long, 600mg, Šnypščiosios tabletės, N6",460.0,460
ŠVF,"ŠVF BRONCHOHERBA pastilės su medumi, 12 pastilių",,368
ŠVF,"BRONCHOHERBA pastilės su šalavijais, 12 vnt.",,262
OTRIVIN,"OtriDuo, 0,5mg+0,6mg/ml, 10 ml, nosies purškalas (tirpalas), N1",529.0,529
HUMER,"HUMER jūros vanduo kūdikiams ir vaikams, nuo 1 mėn., 150 ml",901.0,1060
GRIPEX,"GRIPEX THERMAL, 300/20/5 mg, milteliai geriamajam tirpalui, N12",745.0,745
HUMER,"HUMER vienkartinės jūros vandens ampulės kūdikiams, 18 monodozių, nuo 1 mėn., 5 ml",682.0,802
OTRIVIN,"OTRIVIN, 0,5 mg/ml, 10 ml, nosies lašai, tirpalas, N1",347.0,347
OTRIVIN,"Otrivin Menthol, 1mg/ml, 10 ml, nosies purškalas (tirpalas), N1",529.0,529
OTRIVIN,"Otrivin, 1mg/ml, 10 ml, nosies lašai, tirpalas, N1",347.0,347
ŠVF,"BRONCHOHERBA geriamasis tirpalas vaikams, 120 ml",,769
HUMER,"HUMER  jūros vanduo suaugusiesiems, 150 ml",877.0,1032
HUMER,"HUMER hipertoninis jūros vanduo užgulusiai nosiai, 50 ml",764.0,899
HUMER,"HUMER hipertoninis jūros vanduo užsikimšusiai nosiai, nuo 3 mėn., 50 ml",790.0,929
SINUNORM,"SINUNORM sirupas, 100 ml",482.0,482
OTOSAN,"OTOSAN nosies plovimo rinkinys, 1 vnt.",1255.0,1569
SOLPADEINE,"SOLPADEINE, Tabletės, N12",476.0,476
SOLPADEINE,"SOLPADEINE, 500 mg + 8 mg + 30 mg, tirpinamosios tabletės, N12",406.0,406
NUROFEN,"NUROFEN FORTE, 400mg, dengtos tabletės, N12",339.0,339
HUMER,"HUMER nosies purškalas nuo sinusito, nuo 12 m., 15 ml",1147.0,1349
HUMER,"HUMER nosies purškalas STOP VIRUS, nuo 1 m., 15 ml",849.0,999
VOLTAREN,"Voltaren Akti, 25mg, Minkštosios kapsulės, N10",569.0,569
METAFENEX,"METAFENEX, 200mg+500mg, plėvele dengtos tabletės, N10",440.0,440
D-LAB,"D-LAB maisto papildas imunitetui IMMUNITE ACTIVE, 56 Kapsulės",2699.0,2699
DR. THEISS,"DR. THEISS ECHINACEA FORTE, 0,756ml/ml, geriamieji lašai, tirpalas, 50 ml, geriamieji lašai, tirpalas, N1",535.0,535
VIBROCIL,"Vibrocil, 15 ml, nosies lašai, tirpalas, N1",488.0,488
VIBROCIL,"VIBROCIL 2,5mg/0,25mg/ml, 15ml, nosies purškalas (tirpalas), N1",529.0,529
ENGYSTOL,"Engystol, Tabletės, N50",569.0,569
OSCILLOCOCCINUM,"OSCILLOCOCCINUM, piliulės, vienadozė talpyklė, N30",2542.0,2542
OSCILLOCOCCINUM,"OSCILLOCOCCINUM, piliulės, vienadozė talpyklė, N6",655.0,655
DHU,"IMMUNOKIND, Tabletės, N150",1001.0,1001
CORYZALIA,"CORYZALIA, dengtos tabletės, N40",549.0,549
FERVEX,"FERVEX suaugusiems, be cukraus, granulės geriamajam tirpalui, N8",789.0,789
INFLUCID,"INFLUCID, Tabletės, N40",764.0,764
DR. THEISS,"Dr. Theiss Eucalipin, 50 g, Tepalas, N1",548.0,548
ACTIFED,"ACTIFED, 100 ml, su matavimo šaukštu, Sirupas, N1",720.0,720
ACTIFED,"ACTIFED, Tabletės, N12",731.0,731
HEDELIX,"Hedelix, 8mg/ml sirupas, 100 ml ir matavimo šaukštelis, Sirupas, N1",592.0,592
COLDREX,"COLDREX Maxgrip MENTHOL & BERRIES, milteliai geriamajam tirpalui, N10",787.0,787
EUCABAL,"EUCABAL - BALSAM S, Kremas, N1",517.0,517
OLYNTH,"Olynth, 1mg/ml, 10 ml, nosies purškalas (tirpalas), N1",564.0,564
HEEL,"GRIPP-HEEL, Tabletės, N50",656.0,656
OLYNTH,"Olynth HA, 0,5mg/ml, 10 ml, nosies purškalas (tirpalas), N1",561.0,561
ILOXEN,"ILOXEN 200mg+30mg, plėvele dengtos tabletės, N12",568.0,568
TANTUM VERDE,"TANTUM VERDE forte 3 mg/ml (tirpalas), burnos gleivinės purškalas (tirpalas), N1",891.0,891
SEPTABENE,"Septabene citrinų ir šeivamedžio skonio 3 mg/1 mg, kietosios pastilės, N16",399.0,399
TANTUM VERDE,"TANTUM VERDE, 3 mg, kietosios pastilės, N20",779.0,779
IBUPROM,"IBUPROM 40mg/ml, 100 ml, geriamoji suspensija, N1",718.0,718
SINUPRET,"SINUPRET, dengtos tabletės, N100",1653.0,1653
IBUSTAR,"Ibustar (vaikams), 20mg/ml, 100 ml ir geriamasis švirkštas, geriamoji suspensija, N1",450.0,450
CINNABSIN N,"Cinnabsin N, Tabletės, N40",764.0,764
ZOVIDUO,"ZOVIDUO 50 mg/10 mg/g, Kremas, N1",1122.0,1122
BROMHEXIN,"BROMHEXIN, 8 mg, Tabletės, N50",689.0,689
BROMHEXIN,"BROMHEXIN BERLIN-CHEMIE, dengtos tabletės, N25",281.0,281
KITA,"POLOVOX, 8,75mg, burnos gleivinės purškalas (tirpalas), N1",900.0,900
APAP,"APAP, plėvele dengtos tabletės, N12",199.0,199
MIRAMILE,"MIRAMILE, 0,1ml/0,35ml/0,05ml/0,3ml/ml, burnos gleivinės purškalas (tirpalas), N1",407.0,407
OLYDEX,"OLYDEX, 1mg/50mg/ml, 10 ml, nosies purškalas, tirpalas, N1",552.0,552
VIBURCOL,"VIBURCOL, Žvakutės, N12",656.0,656
PARACETAMOL,"PARACETAMOL ACTAVIS, 500mg, Tabletės, N20",188.0,188
PAXELADINE,"PAXELADINE, 2mg/ml, 100 ml, Sirupas, N1",569.0,569
FLAVAMED,"FLAVAMED, 30mg, Tabletės, N20",309.0,309
FLAVAMED,"FLAVAMED, 60mg, Šnypščiosios tabletės, N10",539.0,539
KITA,"PARACETAMOL-RATIOPHARM, 125 mg, Žvakutės, N10",303.0,303
KITA,"PARACETAMOL-RATIOPHARM, 250 mg, Žvakutės, N10",299.0,299
NEO-ANGIN,"NEO-ANGIN, 1,2mg+0,6mg+5,9mg, kietosios pastilės, N24",574.0,574
NEO-ANGIN,"NEO-ANGIN be cukraus, 1,2mg+0,6mg+5,72mg, kietosios pastilės, N24",574.0,574
BRONCHIPRET,"BRONCHIPRET TP, plėvele dengtos tabletės, N20",621.0,621
BRONTEX,"Brontex, 30mg, Tabletės, N20",348.0,348
BRONTEX,"BRONTEX, 7,5mg/ml, 100 ml ir matavimo taurelė, geriamieji lašai, tirpalas, N1",529.0,529
PANADOL,"Panadol, 120mg/5ml, 100 ml, geriamoji suspensija, N1",545.0,545
LIUGOLIS,"Liugolis, 12,5mg/ml, 50 ml su mechaniniu purkštuku, burnos gleivinės purškalas (tirpalas), N1",289.0,289
NUROFEN,"Nurofen Forte Orange, 40mg/ml, 100 ml ir geriamasis švirkštas, geriamoji suspensija, N1",887.0,887
OLYNTH,"Olynth, 1mg/ml, 10 ml, nosies lašai, tirpalas, N1",369.0,369
OLYNTH,"OLYNTH HA, 1mg/ml, 10 ml, nosies purškalas (tirpalas), N1",516.0,516
HEEL,"ANGIN-HEEL S, Tabletės, N50",656.0,656
LYMPHOMYOSOT,"Lymphomyosot, Tabletės, N50",656.0,656
TARTEPHEDREEL,"Tartephedreel N, 30 ml ir aplikatorius su lašintuvu, geriamieji lašai, tirpalas, N1",720.0,720
FARINGODOL FORTE,"FARINGODOL, 150 mg, kietosios pastilės, N16",652.0,652
APAP,"APAP, 500mg, plėvele dengtos tabletės, N24",349.0,349
ALKA-SELTZER,"ALKA-SELTZER, 324 mg, Šnypščiosios tabletės, N10",442.0,442
TANTUM VERDE,"TANTUM VERDE, 1,5mg/ml, 240 ml, burnos gleivinės tirpalas, N1",812.0,812
ACIC,"ACIC, 200 mg, Tabletės, N25",1329.0,1329
SANITAS,"Acetilsalicilo rūgštis SANITAS, 500 mg, Tabletės, N100",915.0,915
ACICLOVIR ACTAVIS,"ACICLOVIR ACTAVIS, 50 mg/g, Kremas, N1",455.0,455
TANTUM VERDE,"TANTUM VERDE, 1,5mg/ml, 30 ml su mechaniniu purkštuku, burnos gleivinės purškalas (tirpalas), N1",899.0,899
CARBOSAN,"CARBOSAN, 5 g, Gelis, N1",438.0,438
GELOMYRTOL,"MYRTOL, 120mg, skrandyje neirios minkštos kapsulės, N20",499.0,499
GELOMYRTOL,"Gelomyrtol forte, 300mg, skrandyje neirios minkštos kapsulės, N20",672.0,672
SINUPRET,"SINUPRET, dengtos tabletės, N50",849.0,849
NUROFEN,"NUROFEN FORTE STRAWBERRY, 40mg/ml, 100ml, geriamoji suspensija, N1",887.0,887
SARIDON,"SARIDON, Tabletės, N10",272.0,272
3CHENES,"3CHENES bičių pienelis ROYAL JELLY 1000, 10 ampulių",1733.0,1733
COLDMOSS,"COLDMOSS BABY, nuo 1 m., 6 pakeliai",699.0,699
VIRUPROTECT,"VIRUPROTECT STADA, braškių skonio, 20 ml",975.0,1949
XYMELIN,"XYMELIN nosies purškalas (tirpalas), 1 mg / m , 10 ml, nosies purškalas (tirpalas), N1",524.0,524
ISLA,"ISLA MEDIC HYDRO+, vyšnių skonio, nuo 6 m., 20 pastilių",527.0,659
MEDISTUS,"MEDISTUS ANTIVIRUS, medaus ir citrinų skonio, 10 pastilių",639.0,799
ISLA,"ISLA CASSIS, juodųjų serbentų skonio, 30 pastilių",479.0,599
NUROFEN,"NUROFEN ORANGE, kramtomosios minkštosios kapsulės, 100 mg, Minkštosios kapsulės, N12",607.0,607
IBUSTAR,"IBUSTAR 40mg/ml, 100 ml ir geriamasis švirkštas, geriamoji suspensija, N1",749.0,749
